insert into artists 
values
  (101, 'Taylor Swift',            'United States'),
  (102, 'The Weeknd',              'Canada'),
  (103, 'Bad Bunny',               'Puerto Rico'),
  (104, 'Drake',                   'Canada'),
  (105, 'Ed Sheeran',              'United Kingdom'),
  (106, 'BTS',                     'South Korea'),
  (107, 'Olivia Rodrigo',          'United States'),
  (108, 'Dua Lipa',                'United Kingdom'),
  (109, 'Billie Eilish',           'United States'),
  (110, 'Ariana Grande',           'United States'),
  (111, 'Harry Styles',            'United Kingdom'),
  (112, 'Post Malone',             'United States'),
  (113, 'Karol G',                 'Colombia'),
  (114, 'Doja Cat',                'United States'),
  (115, 'SZA',                     'United States'),
  (116, 'Morgan Wallen',           'United States'),
  (117, 'Peso Pluma',              'Mexico'),
  (118, 'Rema',                    'Nigeria'),
  (119, 'BLACKPINK',               'South Korea'),
  (120, 'Imagine Dragons',         'United States'),
  (121, 'Coldplay',                'United Kingdom'),
  (122, 'Luke Combs',              'United States'),
  (123, 'Metro Boomin',            'United States'),
  (124, 'Arijit Singh',            'India'),
  (125, 'Seventeen',               'South Korea'),
  (126, 'Travis Scott',            'United States'),
  (127, 'J Balvin',                'Colombia'),
  (128, 'Rauw Alejandro',          'Puerto Rico'),
  (129, 'Feid',                    'Colombia'),
  (130, 'Peso Pluma',              'Mexico'),
  (131, 'Nicki Minaj',             'Trinidad & Tobago'),
  (132, 'Shakira',                 'Colombia'),
  (133, 'David Guetta',            'France'),
  (134, 'Calvin Harris',           'United Kingdom'),
  (135, 'Tate McRae',              'Canada'),
  (136, 'Linkin Park',             'United States'),
  (137, 'Sia',                     'Australia'),
  (138, 'Miley Cyrus',             'United States'),
  (139, 'Sam Smith',               'United Kingdom'),
  (140, 'Kendrick Lamar',          'United States'),
  (141, 'Peso Pluma',              'Mexico'),
  (142, 'Manuel Turizo',           'Colombia'),
  (143, 'Ice Spice',               'United States'),
  (144, 'NewJeans',                'South Korea'),
  (145, 'Tiësto',                  'Netherlands'),
  (146, 'Anitta',                  'Brazil'),
  (147, 'Luis Fonsi',              'Puerto Rico'),
  (148, 'Hozier',                  'Ireland'),
  (149, 'Zach Bryan',              'United States'),
  (150, 'Arctic Monkeys',          'United Kingdom');


insert into genres 
values
  (1,  'Pop'),
  (2,  'Hip Hop'),
  (3,  'Latin'),
  (4,  'K-Pop'),
  (5,  'R&B'),
  (6,  'EDM'),
  (7,  'Rock'),
  (8,  'Country'),
  (9,  'Afrobeats'),
  (10, 'Alternative'),
  (11, 'Reggaeton'),
  (12, 'Folk'),
  (13, 'Indie'),
  (14, 'Trap'),
  (15, 'Dance Pop');
  
  
insert into tracks
values
  (20001, 'Blinding Lights',    102, 'After Hours',               '2019-11-29', 200040, 250000000),
  (20002, 'Save Your Tears',    102, 'After Hours',               '2020-03-20', 215000, 190000000),
  (20003, 'Dakiti',             103, 'El Último Tour del Mundo',  '2020-10-30', 205000, 210000000),
  (20004, 'Moscow Mule',        103, 'Un Verano Sin Ti',          '2022-05-06', 215000, 180000000),
  (20005, 'Anti-Hero',          101, 'Midnights',                 '2022-10-21', 200000, 170000000),
  (20006, 'Cruel Summer',       101, 'Lover',                     '2019-08-23', 178000, 160000000),
  (20007, 'Shape of You',       105, '÷ (Divide)',                '2017-01-06', 233000, 330000000),
  (20008, 'Eyes Closed',        105, 'Subtract',                  '2023-03-24', 210000, 650000000),
  (20009, 'Butter',             106, 'Butter (Single)',           '2021-05-21', 164000, 140000000),
  (20010, 'Dynamite',           106, 'BE',                        '2020-08-21', 199000, 160000000), 
  (20011, 'Drivers License',    107, 'SOUR',                      '2021-01-08', 242000, 180000000),
  (20012, 'Vampire',            107, 'GUTS',                      '2023-06-30', 215000, 800000000),
  (20013, 'Levitating',         108, 'Future Nostalgia',          '2020-03-27', 203000, 210000000),
  (20014, 'Happier Than Ever',  109, 'Happier Than Ever',         '2021-07-30', 298000, 900000000),
  (20015, 'Positions',          110, 'Positions',                 '2020-10-23', 173000, 120000000),  
  (20016, 'As It Was',          111, 'Harry’s House',             '2022-04-01', 167000, 240000000),
  (20017, 'Circles',            112, 'Hollywood’s Bleeding',      '2019-08-30', 215000, 240000000),
  (20018, 'TQG',                113, 'Mañana Será Bonito',        '2023-02-24', 206000, 120000000),
  (20019, 'Paint The Town Red', 114, 'Scarlet',                   '2023-08-04', 214000, 900000000),  
  (20020, 'Kill Bill',          115, 'SOS',                       '2022-12-09', 153000, 170000000),  
  (20021, 'Last Night',         116, 'One Thing at a Time',       '2023-02-06', 163000, 150000000),  
  (20022, 'Ella Baila Sola',    117, 'Génesis',                   '2023-04-17', 196000, 110000000),
  (20023, 'Calm Down',          118, 'Rave & Roses',              '2022-02-11', 238000, 190000000),
  (20024, 'Pink Venom',         119, 'Born Pink',                 '2022-08-19', 191000, 750000000),
  (20025, 'Believer',           120, 'Evolve',                    '2017-02-01', 204000, 230000000),
  (20026, 'Viva La Vida',       121, 'Viva la Vida',              '2008-06-12', 242000, 160000000),
  (20027, 'Fast Car',           122, 'Gettin’ Old',               '2023-03-24', 244000, 900000000),
  (20028, 'Creepin’',           123, 'Heroes & Villains',         '2022-12-02', 221000, 120000000),
  (20029, 'Kesariya',           124, 'Brahmāstra',                '2022-07-17', 258000, 100000000),
  (20030, 'Super',              125, 'FML',                       '2023-04-24', 189000, 600000000),
  (20031, 'FE!N',               126, 'UTOPIA',                    '2023-07-28', 190000, 800000000),
  (20032, 'Mi Gente',           127, 'Vibras',                    '2017-06-30', 187000, 230000000),
  (20033, 'Todo de Ti',         128, 'Vice Versa',                '2021-05-20', 201000, 150000000),
  (20034, 'Feliz Cumpleaños',   129, 'Feliz Cumpleaños',          '2022-09-14', 219000, 800000000),
  (20035, 'Super Freaky Girl',  131, 'Pink Friday 2',             '2022-08-12', 188000, 850000000),
  (20036, 'BZRP Music Sessions #53', 132, 'Single',               '2023-01-11', 235000, 950000000),
  (20037, 'I’m Good (Blue)',    133, 'I’m Good',                  '2022-09-16', 175000, 140000000),  
  (20038, 'Greedy',             135, 'Think Later',               '2023-09-15', 176000, 900000000),  
  (20039, 'Flowers',            138, 'Endless Summer Vacation',   '2023-01-12', 200000, 260000000),  
  (20040, 'HUMBLE.',            140, 'DAMN.',                     '2017-03-30', 177000, 230000000);

insert into track_genres 
values
  (20001, 5),  (20001, 1),
  (20002, 5),  (20002, 1),
  (20003, 3),  (20003, 2),
  (20004, 3),
  (20005, 1),
  (20006, 1),
  (20007, 1),
  (20008, 1),
  (20009, 4),  (20009, 1),
  (20010, 4),  (20010, 1),
  (20011, 1),
  (20012, 1),
  (20013, 15), (20013, 1),
  (20014, 10),
  (20015, 1),
  (20016, 1),
  (20017, 2),  (20017, 1),
  (20018, 11), (20018, 3),
  (20019, 2),  (20019, 1),
  (20020, 5),
  (20021, 8),
  (20022, 3),  (20022, 11),
  (20023, 9),  (20023, 1),
  (20024, 4),  (20024, 15),
  (20025, 7),  (20025, 1),
  (20026, 1),  (20026, 7),
  (20027, 8),
  (20028, 2),
  (20029, 3),
  (20030, 4),
  (20031, 2),
  (20032, 11),
  (20033, 3),
  (20034, 3),
  (20035, 2),
  (20036, 11),
  (20037, 6),  (20037, 15),
  (20038, 1),
  (20039, 1),
  (20040, 2);